accession,title,disease,source,technology,tissue,species,has_control,has_clinical_info,has_processed_matrix,sample_size,score,first_seen,last_seen,url,notes
GSE308911,Aberrant epithelial-stromal interactions drive aspects of fibrosis and inflammation in an engineered human intestinal tissue model [RNA-seq_fibroblast],IBD-associated disease,NCBI GEO,single-cell transcriptomics,gut,Homo sapiens,no,yes,unknown,48,55,2026-10-01,2026-10-01,https://www.ncbi.nlm.nih.gov/geo/query/acc.cgi?acc=GSE308911,auto-collected from public metadata; sample_size from samples
GSE308912,Aberrant epithelial-stromal interactions drive aspects of fibrosis and inflammation in an engineered human intestinal tissue model [RNA-seq_treatment],IBD-associated disease,NCBI GEO,single-cell transcriptomics,gut,Homo sapiens,no,yes,unknown,40,55,2026-10-01,2026-10-01,https://www.ncbi.nlm.nih.gov/geo/query/acc.cgi?acc=GSE308912,auto-collected from public metadata; sample_size from samples
GSE308913,Aberrant epithelial-stromal interactions drive aspects of fibrosis and inflammation in an engineered human intestinal tissue model [scRNA-seq],IBD-associated disease,NCBI GEO,single-cell transcriptomics,gut,Homo sapiens,no,yes,unknown,11,55,2026-10-01,2026-10-01,https://www.ncbi.nlm.nih.gov/geo/query/acc.cgi?acc=GSE308913,auto-collected from public metadata; sample_size from samples
GSE310662,Dysregulation of peripheral blood B-cells and NK-cells is associated with myocarditis in idiopathic inflammatory myopathies,Myositis,NCBI GEO,single-cell transcriptomics,PBMC,Homo sapiens,yes,no,unknown,12,70,2026-10-01,2026-10-01,https://www.ncbi.nlm.nih.gov/geo/query/acc.cgi?acc=GSE310662,auto-collected from public metadata; sample_size from samples
GSE312272,KDM6B inhibition modulates monocyte activation and alleviates IMQ-psoriasis skin inflammation,Psoriasis / PsA,NCBI GEO,single-cell transcriptomics,skin,Mus musculus,no,yes,unknown,8,40,2026-10-01,2026-10-01,https://www.ncbi.nlm.nih.gov/geo/query/acc.cgi?acc=GSE312272,auto-collected from public metadata; sample_size from samples
GSE346025,Activating rare variants in Protein kinase D2 (PRKD2) in two families with Systemic sclerosis,Systemic sclerosis,NCBI GEO,single-cell transcriptomics,,Homo sapiens,yes,no,unknown,24,70,2026-10-01,2026-10-01,https://www.ncbi.nlm.nih.gov/geo/query/acc.cgi?acc=GSE346025,auto-collected from public metadata; sample_size from samples
GSE346803,An RNA Thermogenic Therapy to Preserve Lean Mass and Enhance Metabolic Health During GLP-1 Weight Loss [snRNA-Seq],RA,NCBI GEO,single-cell transcriptomics,,Mus musculus,no,no,unknown,2,45,2026-10-01,2026-10-01,https://www.ncbi.nlm.nih.gov/geo/query/acc.cgi?acc=GSE346803,auto-collected from public metadata; sample_size from samples
ERR17898945,ERR17898945,SLE / Lupus nephritis,NCBI SRA,single-cell transcriptomics,,,no,no,unknown,1,40,2026-10-01,2026-10-01,https://www.ncbi.nlm.nih.gov/sra/?term=ERR17898945,auto-collected from public metadata; sample_size from BioSample accessions
ERR17982096,ERR17982096,SLE / Lupus nephritis,NCBI SRA,single-cell transcriptomics,,,no,no,unknown,1,40,2026-10-01,2026-10-01,https://www.ncbi.nlm.nih.gov/sra/?term=ERR17982096,auto-collected from public metadata; sample_size from BioSample accessions
ERR17982097,ERR17982097,SLE / Lupus nephritis,NCBI SRA,single-cell transcriptomics,,,no,no,unknown,1,40,2026-10-01,2026-10-01,https://www.ncbi.nlm.nih.gov/sra/?term=ERR17982097,auto-collected from public metadata; sample_size from BioSample accessions
ERR17982098,ERR17982098,SLE / Lupus nephritis,NCBI SRA,single-cell transcriptomics,,,no,no,unknown,1,40,2026-10-01,2026-10-01,https://www.ncbi.nlm.nih.gov/sra/?term=ERR17982098,auto-collected from public metadata; sample_size from BioSample accessions
ERR17982099,ERR17982099,SLE / Lupus nephritis,NCBI SRA,single-cell transcriptomics,,,no,no,unknown,1,40,2026-10-01,2026-10-01,https://www.ncbi.nlm.nih.gov/sra/?term=ERR17982099,auto-collected from public metadata; sample_size from BioSample accessions
SRR26688626,SRR26688626,Myositis,NCBI SRA,single-cell transcriptomics,,,no,no,unknown,1,40,2026-10-01,2026-10-01,https://www.ncbi.nlm.nih.gov/sra/?term=SRR26688626,auto-collected from public metadata; sample_size from BioSample accessions
SRR26688627,SRR26688627,Myositis,NCBI SRA,single-cell transcriptomics,,,no,no,unknown,1,40,2026-10-01,2026-10-01,https://www.ncbi.nlm.nih.gov/sra/?term=SRR26688627,auto-collected from public metadata; sample_size from BioSample accessions
SRR36108583,SRR36108583,Myositis,NCBI SRA,single-cell transcriptomics,,,no,no,unknown,1,40,2026-10-01,2026-10-01,https://www.ncbi.nlm.nih.gov/sra/?term=SRR36108583,auto-collected from public metadata; sample_size from BioSample accessions
SRR36108584,SRR36108584,Myositis,NCBI SRA,single-cell transcriptomics,,,no,no,unknown,1,40,2026-10-01,2026-10-01,https://www.ncbi.nlm.nih.gov/sra/?term=SRR36108584,auto-collected from public metadata; sample_size from BioSample accessions
SRR36108585,SRR36108585,Myositis,NCBI SRA,single-cell transcriptomics,,,no,no,unknown,1,40,2026-10-01,2026-10-01,https://www.ncbi.nlm.nih.gov/sra/?term=SRR36108585,auto-collected from public metadata; sample_size from BioSample accessions
SRR36108586,SRR36108586,Myositis,NCBI SRA,single-cell transcriptomics,,,no,no,unknown,1,40,2026-10-01,2026-10-01,https://www.ncbi.nlm.nih.gov/sra/?term=SRR36108586,auto-collected from public metadata; sample_size from BioSample accessions
SRR36108587,SRR36108587,Myositis,NCBI SRA,single-cell transcriptomics,,,no,no,unknown,1,40,2026-10-01,2026-10-01,https://www.ncbi.nlm.nih.gov/sra/?term=SRR36108587,auto-collected from public metadata; sample_size from BioSample accessions
SRR36108588,SRR36108588,Myositis,NCBI SRA,single-cell transcriptomics,,,no,no,unknown,1,40,2026-10-01,2026-10-01,https://www.ncbi.nlm.nih.gov/sra/?term=SRR36108588,auto-collected from public metadata; sample_size from BioSample accessions
SRR36108589,SRR36108589,Myositis,NCBI SRA,single-cell transcriptomics,,,no,no,unknown,1,40,2026-10-01,2026-10-01,https://www.ncbi.nlm.nih.gov/sra/?term=SRR36108589,auto-collected from public metadata; sample_size from BioSample accessions
SRR36108590,SRR36108590,Myositis,NCBI SRA,single-cell transcriptomics,,,no,no,unknown,1,40,2026-10-01,2026-10-01,https://www.ncbi.nlm.nih.gov/sra/?term=SRR36108590,auto-collected from public metadata; sample_size from BioSample accessions
"SRR40072475, SRR40072476, SRR40072477, SRR40072478","SRR40072475, SRR40072476, SRR40072477, SRR40072478",SLE / Lupus nephritis,NCBI SRA,single-cell transcriptomics,,,no,no,unknown,1,40,2026-10-01,2026-10-01,https://www.ncbi.nlm.nih.gov/sra/?term=SRR40072475,auto-collected from public metadata; sample_size from BioSample accessions
"SRR40072479, SRR40072480, SRR40072481, SRR40072482","SRR40072479, SRR40072480, SRR40072481, SRR40072482",SLE / Lupus nephritis,NCBI SRA,single-cell transcriptomics,,,no,no,unknown,1,40,2026-10-01,2026-10-01,https://www.ncbi.nlm.nih.gov/sra/?term=SRR40072479,auto-collected from public metadata; sample_size from BioSample accessions
"SRR40072483, SRR40072484, SRR40072485, SRR40072486","SRR40072483, SRR40072484, SRR40072485, SRR40072486",SLE / Lupus nephritis,NCBI SRA,single-cell transcriptomics,,,no,no,unknown,1,40,2026-10-01,2026-10-01,https://www.ncbi.nlm.nih.gov/sra/?term=SRR40072483,auto-collected from public metadata; sample_size from BioSample accessions
"SRR40072487, SRR40072488, SRR40072489, SRR40072490","SRR40072487, SRR40072488, SRR40072489, SRR40072490",SLE / Lupus nephritis,NCBI SRA,single-cell transcriptomics,,,no,no,unknown,1,40,2026-10-01,2026-10-01,https://www.ncbi.nlm.nih.gov/sra/?term=SRR40072487,auto-collected from public metadata; sample_size from BioSample accessions
"SRR40072491, SRR40072492, SRR40072493, SRR40072494","SRR40072491, SRR40072492, SRR40072493, SRR40072494",SLE / Lupus nephritis,NCBI SRA,single-cell transcriptomics,,,no,no,unknown,1,40,2026-10-01,2026-10-01,https://www.ncbi.nlm.nih.gov/sra/?term=SRR40072491,auto-collected from public metadata; sample_size from BioSample accessions
SRR40292762,SRR40292762,SLE / Lupus nephritis,NCBI SRA,spatial transcriptomics,,,no,no,unknown,1,45,2026-10-01,2026-10-01,https://www.ncbi.nlm.nih.gov/sra/?term=SRR40292762,auto-collected from public metadata; sample_size from BioSample accessions
SRR40292763,SRR40292763,SLE / Lupus nephritis,NCBI SRA,spatial transcriptomics,,,no,no,unknown,1,45,2026-10-01,2026-10-01,https://www.ncbi.nlm.nih.gov/sra/?term=SRR40292763,auto-collected from public metadata; sample_size from BioSample accessions
SRR40292764,SRR40292764,SLE / Lupus nephritis,NCBI SRA,spatial transcriptomics,,,no,no,unknown,1,45,2026-10-01,2026-10-01,https://www.ncbi.nlm.nih.gov/sra/?term=SRR40292764,auto-collected from public metadata; sample_size from BioSample accessions
SRR40292765,SRR40292765,SLE / Lupus nephritis,NCBI SRA,spatial transcriptomics,,,no,no,unknown,1,45,2026-10-01,2026-10-01,https://www.ncbi.nlm.nih.gov/sra/?term=SRR40292765,auto-collected from public metadata; sample_size from BioSample accessions
